IP Address,Domain Name
198.203.175.175,sp-internet-ext-ply.uhc.com
161.35.128.151,161.35.128.151
205.210.31.181,205.210.31.181
198.235.24.129,198.235.24.129
205.210.31.136,205.210.31.136
24.1.205.25,c-24-1-205-25.hsd1.il.comcast.net
205.210.31.33,205.210.31.33
198.235.24.18,198.235.24.18
205.210.31.130,205.210.31.130
205.210.31.17,205.210.31.17
198.235.24.12,198.235.24.12
198.235.24.178,198.235.24.178
198.235.24.135,198.235.24.135
198.235.24.31,198.235.24.31
205.210.31.150,205.210.31.150
198.235.24.131,198.235.24.131
205.210.31.22,205.210.31.22
198.235.24.5,198.235.24.5
66.249.69.164,crawl-66-249-69-164.googlebot.com
205.210.31.8,205.210.31.8
205.210.31.208,205.210.31.208
167.248.133.185,scanner-29.ch1.censys-scanner.com
205.210.31.27,205.210.31.27
198.235.24.149,198.235.24.149
167.94.145.57,167.94.145.57
198.235.24.159,198.235.24.159
205.210.31.142,205.210.31.142
195.230.103.241,195.230.103.241
52.114.128.147,cus-azsc-urlp.cloudapp.net
198.235.24.19,198.235.24.19
20.7.159.167,20.7.159.167
2a01:111:f400:7eae::100,2a01:111:f400:7eae::100
198.235.24.15,198.235.24.15
205.210.31.32,205.210.31.32
205.210.31.218,205.210.31.218
149.111.30.128,pan-ii757-web-hide.uhc.com
198.235.24.65,198.235.24.65
40.94.25.207,40.94.25.207
205.210.31.132,205.210.31.132
66.249.69.166,crawl-66-249-69-166.googlebot.com
205.210.31.151,205.210.31.151
74.141.104.1,cpe-74-141-104-1.neo.res.rr.com
2a01:111:f400:7eaa::100,2a01:111:f400:7eaa::100
40.94.36.79,40.94.36.79
40.94.36.66,40.94.36.66
40.94.35.13,40.94.35.13
135.84.42.99,135.84.42.99
198.235.24.134,198.235.24.134
2a01:111:f400:ffe5::126,2a01:111:f400:ffe5::126
40.94.36.56,40.94.36.56
20.253.200.30,20.253.200.30
154.28.229.166,154.28.229.166
2a01:111:f400:7eab::100,2a01:111:f400:7eab::100
47.251.15.21,47.251.15.21
40.94.26.212,40.94.26.212
20.94.247.111,20.94.247.111
73.144.143.138,c-73-144-143-138.hsd1.mi.comcast.net
2600:1900:2001:3::d,ipv6.gae.googleusercontent.com
107.178.200.120,120.200.178.107.gae.googleusercontent.com
107.178.236.13,13.236.178.107.gae.googleusercontent.com
107.178.231.247,247.231.178.107.gae.googleusercontent.com
2600:1900:2000:1d:400::17,ipv6.gae.googleusercontent.com
87.236.176.101,swift.monitoring.internet-measurement.com
40.94.36.41,40.94.36.41
162.17.238.163,162-17-238-163-static.hfc.comcastbusiness.net
205.210.31.18,205.210.31.18
198.235.24.3,198.235.24.3
198.235.24.75,198.235.24.75
37.187.215.248,caitlin.probe.onyphe.net
159.203.44.175,159.203.44.175
38.180.74.232,38.180.74.232
172.59.191.210,172.59.191.210
159.116.253.78,159.116.253.78
40.94.25.37,40.94.25.37
13.91.130.63,13.91.130.63
188.165.87.110,avamae.probe.onyphe.net
40.94.35.11,40.94.35.11
198.235.24.10,198.235.24.10
198.203.175.235,198.203.175.235
149.111.28.128,149.111.28.128
20.94.241.220,20.94.241.220
167.248.133.34,scanner-08.ch1.censys-scanner.com
52.114.32.28,ejp-azsc-urlp.cloudapp.net
74.249.167.90,74.249.167.90
198.235.24.133,198.235.24.133
198.235.24.23,198.235.24.23
198.235.24.146,198.235.24.146
